Topic1_Probability,Topic2_Probability,Topic3_Probability,Topic4_Probability
0.1641193805899089,0.0792261002899033,0.09683502368883631,0.07977093787636697
